{"cameraMode":{"drawMode":0,"name":"Shaded","section":"Shading Mode"},"sceneLighting":true,"audioPlay":false,"sceneViewState":{"m_AlwaysRefresh":false,"showFog":true,"showSkybox":true,"showFlares":true,"showImageEffects":true,"showParticleSystems":true,"showVisualEffectGraphs":true,"m_FxEnabled":true},"in2DMode":false,"pivot":{"x":-6.772195816040039,"y":-6.744627475738525,"z":31.907190322875978},"rotation":{"x":-0.011202147230505944,"y":0.7958265542984009,"z":-0.6054929494857788,"w":-0.014915657229721547},"size":59.427337646484378,"orthographic":false}