{"cameraMode":{"drawMode":0,"name":"Shaded","section":"Shading Mode"},"sceneLighting":true,"audioPlay":false,"sceneViewState":{"m_AlwaysRefresh":false,"showFog":true,"showSkybox":true,"showFlares":true,"showImageEffects":true,"showParticleSystems":true,"showVisualEffectGraphs":true,"m_FxEnabled":true},"in2DMode":false,"pivot":{"x":-23.689292907714845,"y":12.205280303955079,"z":45.56867980957031},"rotation":{"x":0.12762680649757386,"y":-0.45252230763435366,"z":0.06560920923948288,"w":0.8801484107971191},"size":11.074724197387696,"orthographic":false}