{"cameraMode":{"drawMode":0,"name":"Shaded","section":"Shading Mode"},"sceneLighting":true,"audioPlay":false,"sceneViewState":{"m_AlwaysRefresh":false,"showFog":true,"showSkybox":true,"showFlares":true,"showImageEffects":true,"showParticleSystems":true,"showVisualEffectGraphs":true,"m_FxEnabled":true},"in2DMode":false,"pivot":{"x":-12.251461029052735,"y":6.615574359893799,"z":2.8811280727386476},"rotation":{"x":-0.26251572370529177,"y":-0.03878752887248993,"z":0.010601400397717953,"w":-0.9642289280891419},"size":3.8506579399108888,"orthographic":false}