{"cameraMode":{"drawMode":0,"name":"Shaded","section":"Shading Mode"},"sceneLighting":true,"audioPlay":false,"sceneViewState":{"m_AlwaysRefresh":false,"showFog":true,"showSkybox":true,"showFlares":true,"showImageEffects":true,"showParticleSystems":true,"showVisualEffectGraphs":true,"m_FxEnabled":true},"in2DMode":false,"pivot":{"x":-15.883180618286133,"y":4.214502334594727,"z":32.41139602661133},"rotation":{"x":-0.08143068850040436,"y":0.17576822638511659,"z":-0.014585894532501698,"w":-0.9810473918914795},"size":8.961821556091309,"orthographic":false}