{"cameraMode":{"drawMode":0,"name":"Shaded","section":"Shading Mode"},"sceneLighting":true,"audioPlay":false,"sceneViewState":{"m_AlwaysRefresh":false,"showFog":true,"showSkybox":true,"showFlares":true,"showImageEffects":true,"showParticleSystems":true,"showVisualEffectGraphs":true,"m_FxEnabled":true},"in2DMode":false,"pivot":{"x":-20.965213775634767,"y":5.117976665496826,"z":29.390670776367189},"rotation":{"x":0.09940359741449356,"y":0.2509237825870514,"z":-0.02589460462331772,"w":0.9625769853591919},"size":1.6122812032699586,"orthographic":false}