{"cameraMode":{"drawMode":0,"name":"Shaded","section":"Shading Mode"},"sceneLighting":true,"audioPlay":false,"sceneViewState":{"m_AlwaysRefresh":false,"showFog":true,"showSkybox":true,"showFlares":true,"showImageEffects":true,"showParticleSystems":true,"showVisualEffectGraphs":true,"m_FxEnabled":true},"in2DMode":false,"pivot":{"x":-1.4683499336242676,"y":4.184762001037598,"z":3.328148365020752},"rotation":{"x":0.10962719470262528,"y":-0.8896137475967407,"z":0.33272266387939455,"w":0.29313158988952639},"size":11.140920639038086,"orthographic":false}