{"cameraMode":{"drawMode":0,"name":"Shaded","section":"Shading Mode"},"sceneLighting":true,"audioPlay":false,"sceneViewState":{"m_AlwaysRefresh":false,"showFog":true,"showSkybox":true,"showFlares":true,"showImageEffects":true,"showParticleSystems":true,"showVisualEffectGraphs":true,"m_FxEnabled":true},"in2DMode":false,"pivot":{"x":-56.703224182128909,"y":-8.950300216674805,"z":473.1689758300781},"rotation":{"x":-0.023360105231404306,"y":0.057864513248205188,"z":-0.0013002040795981885,"w":-0.998091995716095},"size":247.543212890625,"orthographic":false}